{
  "version": 1,
  "author": "Uri Shaked",
  "editor": "wokwi",
  "parts": [
    { "type": "board-esp32-devkit-c-v4", "id": "esp", "top": -9.6, "left": 43.24, "attrs": {} },
    {
      "type": "wokwi-led",
      "id": "led1",
      "top": 34.8,
      "left": -159.4,
      "attrs": { "color": "yellow" }
    },
    {
      "type": "wokwi-led",
      "id": "led2",
      "top": 34.8,
      "left": -226.6,
      "attrs": { "color": "red" }
    },
    { "type": "wokwi-gnd", "id": "gnd1", "top": 105.6, "left": -221.4, "attrs": {} },
    { "type": "wokwi-gnd", "id": "gnd2", "top": 105.6, "left": -154.2, "attrs": {} },
    {
      "type": "wokwi-led",
      "id": "led3",
      "top": 34.8,
      "left": -92.2,
      "attrs": { "color": "blue" }
    },
    { "type": "wokwi-gnd", "id": "gnd4", "top": 105.6, "left": -87, "attrs": {} },
    {
      "type": "wokwi-dht22",
      "id": "dht1",
      "top": -162.9,
      "left": -53.4,
      "attrs": { "temperature": "22.3", "humidity": "36.5" }
    }
  ],
  "connections": [
    [ "esp:TX", "$serialMonitor:RX", "", [] ],
    [ "esp:RX", "$serialMonitor:TX", "", [] ],
    [ "led1:C", "gnd2:GND", "green", [ "v28.8", "h0.4" ] ],
    [ "led2:C", "gnd1:GND", "green", [ "v0" ] ],
    [ "led3:C", "gnd4:GND", "green", [ "v0" ] ],
    [ "dht1:VCC", "esp:5V", "red", [ "v0" ] ],
    [ "esp:GND.1", "dht1:GND", "black", [ "h0" ] ],
    [ "dht1:SDA", "esp:15", "green", [ "v0" ] ],
    [ "esp:25", "led3:A", "green", [ "v0" ] ],
    [ "esp:26", "led1:A", "green", [ "h0" ] ],
    [ "esp:27", "led2:A", "green", [ "h0" ] ]
  ],
  "dependencies": {}
}